Wilmar,Abisetti
Breena,Doey
Guthrie,Haitlie
Niel,Hexter
Mair,Dresser
Craig,Vedntyev
Neel,Neary
Maxy,Shillington
Gabbie,Jamot
Adelice,Gerlack
Verna,Thumim
Robina,Conduit
Georgy,Traise
Anna-diana,Joinson
Kacy,Skellorne
Genia,Cranefield
Mufinella,Beechcraft
Lorry,Mattisson
Mercy,Waszkiewicz
Fredelia,Tomei
Constantino,Blodgett
Patrica,Dorn
Zabrina,Rowly
Ailey,Galero
Carce,Hessay
Amber,Ker
Hailee,McClaren
Anett,Halfhead
Nathan,Lydiatt
Pauli,Ellingham
Polly,Seeks
Gabbi,Dalby
Mohandas,Gunther
Saunders,Crapper
Thom,Campanelle
Griswold,Hannaford
Cortney,McCandie
Cass,D'Ambrogio
Evelyn,Stot
Skipp,Hemms
Lina,Kornes
Jasmina,Bowmaker
Bernarr,Lambe
Magda,Icke
Svend,Warsap
Jaimie,Malcolmson
Umeko,Frostick
Hillary,Basilotta
Julianna,Jaume
Shandee,Bruckshaw
Conny,Mintoft
Giusto,Conduit
Roz,Murley
Rania,Errey
Juliann,Wyllcock
Salvador,Greensitt
Heindrick,Issacof
Joye,Jonah
Anabelle,Corgenvin
Nicol,Brizland
Joice,Dennes
Collen,Alban
Noby,Lundberg
Shea,Arrigo
Dino,Morde
Gib,Janisson
Hillel,Bonham
Husain,Oleszkiewicz
Agnola,Souter
Yardley,Adshede
Kelli,Bernardi
Julietta,Rivenzon
Abramo,Shalcros
Joaquin,Killough
Thomasina,MacKimm
Bord,Georgeou
Devin,Pimlott
Gilemette,Guwer
Theodor,Ceeley
Rad,Schermick
Terry,Ebbotts
Dru,Sodeau
Nellie,Pideon
Ashli,Crombleholme
Melisande,Hebard
Reeta,Margrem
Kylie,Millen
Kessia,Bailess
Anton,Albury
Ogdon,Frontczak
Farrel,Haker
Avigdor,Marr
Randi,Greenshiels
Marchelle,Vokes
Holli,Champness
Gayel,Dolan
Tadio,Dederich
Yolande,Misson
Daryl,Gales
Irving,Hamley
Benton,Sandbach
Jessie,Fansy
Calley,Bacchus
Marchall,While
Terese,Ace
Carolin,Bratch
Robyn,Leyburn
Brion,Newns
Debbie,Norvill
Kizzie,O'Spillane
Bernete,Eyckelberg
Charlotte,Dripps
Auberta,Dorking
Tiebout,Lundberg
Oralla,Pettit
Imelda,Howles
Nichole,Niles
Garrard,Passey
Dickie,Chaffen
Timothea,Olech
Ardelis,Barter
Amelita,Flahy
Edlin,Boaler
Hobart,Roughsedge
Winslow,Jennions
Teena,Masdon
Iver,Murrhardt
Danny,Coggin
Emelda,Meegan
Eba,Pedri
Ross,Livens
Arline,Cathesyed
Madalena,Liddyard
Piotr,Marrow
Rick,Mee
Elliot,Hughes
Boonie,Brennand
Marv,Ransom
Mattias,Early
Ana,Winnett
Prescott,Tinmouth
Bernardine,Brayley
Ansel,Rawls
Hervey,Rentcome
Winfield,Shepperd
Zachary,Scrimgeour
Vitia,Floyd
Connie,Hairsnape
Sawyer,Frackiewicz
Stillman,Hoff
Cristal,Talks
Boote,Lydiatt
Jeni,Blaza
Marti,Sukbhans
Egor,Feye
Rubina,Dyball
Karalynn,Rosborough
Prudi,Rothchild
Munmro,Cushe
Devi,Longhi
Jeniffer,Newlan
Nicko,Tribe
Alexina,Fuzzey
Kingsley,Rosenstein
Chiquita,Cestard
Drew,Leathe
Garwin,Hilbourne
Aubrey,Baack
Duane,Grocutt
Libbey,Confort
Chrissy,Samson
Jeannine,Antoniazzi
Roze,Newbegin
Emmalee,Hutton
Ritchie,Cassell
Pammi,Eastes
Damara,Coon
Michal,McGannon
Alard,Laughnan
Carmela,Brito
Virginie,Yell
Kenon,Jacobbe
Haven,Woodham
Abra,Nunnery
Elka,Flockhart
Laure,Climie
Kinny,Moorman
Gabby,Anstee
Zacharie,Purver
Ransom,Crevagh
Kilian,Trodler
Bear,Zamora
Raychel,Nolin
Dasha,Fernao
Jereme,Blowne
Buiron,Boik
Krissie,Rubinowitz
Lucille,Jiruca
Rolland,Tinwell
Jareb,Ambridge
Edik,Bigley
Siusan,Darte
Ari,Hadingham
Brucie,Lummus
Adelice,Farnorth
Eldin,Scamerden
Feliks,Piaggia
Aindrea,Mabbs
Deck,Pratty
Inglis,Leighton
Harbert,Johnes
Jane,Rushsorth
Annecorinne,Jennaroy
Josie,Kleisel
Susanne,Kristof
Dorris,O'Lunny
Sharline,McElvogue
Raynor,Tuffield
Mortie,Banville
Lotty,Belfit
Carmina,Dudliston
Pauly,Asprey
Minette,Hardes
Germain,Stangroom
Kendrick,Maultby
Claresta,Mattia
Johnette,Dickons
Louie,Domesday
Wendy,Kerfut
Andres,Maroney
Filberto,Ceeley
Gilberto,Amy
Orson,Corringham
Isak,Gillbee
Janenna,Winscom
Nickolaus,Bowler
Sonnie,Brash
Kasper,Whenham
Yoshi,Cluer
Aindrea,Medway
Delmor,Reuter
Miran,Whiting
Victor,Ansley
Rochelle,Cowen
Sholom,Railton
Willetta,Wickling
Chelsie,Gutierrez
Henrieta,Axell
Fairfax,Brader
Tanner,Bromley
Carney,Ellissen
Oby,Grisenthwaite
Catie,Wynrahame
Hillary,Heymann
Brooke,Simoncello
Eugenia,Beaty
Davey,Cowdroy
Vachel,Covet
Patrizius,Spuffard
Nydia,Midgely
Christoph,Lathom
Mag,Snawden
Bill,Chrystie
Arnuad,Beeke
Alf,Maude
Joete,Lively
Daffie,Barabich
Ethelyn,Klugman
Yardley,Klaggeman
Odele,Shorthouse
Shelia,Filpo
Anjela,Alishoner
Melva,McAne
Adlai,Kemer
Dwain,Parry
Yule,Claricoates
Sayres,Carse
Ortensia,Kas
Christabella,Berrington
Tasia,Yoslowitz
Kaitlynn,Edlin
Jennie,Rowly
Rene,Niblett
Lanny,Gunnell
Greta,Hourican
Sammy,Raggett
Elaine,Shapiro
Brooks,Nickoles
Jeanette,Batchelor
Mavra,Huffer
Joni,Pally
Dasie,Braxay
Paddy,Navarre
Ainsley,Gravey
Charlotte,Weins
Gwyn,Sime
Malachi,Duckworth
Nickie,Harrap
Hew,Joules
Ashley,Kenny
Nicki,Cheetham
Austine,Bailes
Shelli,Markl
Rodrigo,Holmyard
Harmonie,Northing
Viva,Ogg
Jade,Twinterman
Arny,McKue
Matthias,Vogt
Gradeigh,Rhodes
Diena,Arthan
Alleen,Gooble
Delcina,Brownscombe
Amelita,Stanbro
Demetra,Normant
Howie,Perri
Mercedes,Osorio
Richy,Bizley
Konrad,Crownshaw
Sharia,Grunnill
Eba,Gandey
Marsh,Philcott
Florella,Rawlinson
Jen,Whacket
Bastien,Caulier
Tarrah,Kohlerman
Annabella,Tumioto
Ainslee,Westmoreland
Harald,Grummitt
Jeffrey,Pexton
Mindy,Spadari
Corrinne,Pyner
Lethia,Gilsthorpe
Tonya,Brissenden
Donny,Farland
Melessa,Franc
Sybila,Postan
Cecil,Caslett
Glenden,Illem
Sheffy,Pargent
Odetta,Tawn
Piper,Toller
De witt,Brownsworth
Rudyard,Burgill
Seline,Dowrey
Antonie,Snowling
Robinetta,Hammill
Glynn,Couroy
Rafaela,Aitkin
Elizabet,Buske
Von,Averall
Shane,Clementi
Fallon,Wheal
Belva,Killough
Regan,Slate
Brennen,Gauford
Calley,Wisker
Tessa,Cattach
Elberta,Staziker
Cass,Wakeling
Guendolen,Asel
Melvyn,Macias
Morgun,Peake
Hinda,Holligan
Gram,Duprey
Pete,Teaser
Hatty,McTrustie
Geraldine,Babin
Kally,Stoves
Elisabet,Perris
Katrina,Remnant
Sadella,Goffe
Tucky,Howe
Corrie,Farady
Jasun,Dore
Crosby,Wadeson
Amby,Painten
Tobe,Spurgeon
Milissent,Witsey
Desiri,Whatman
Rick,Sparhawk
Henri,Baumber
Otto,Malcolmson
Stevie,Montague
Margi,Chastang
Stewart,Slaymaker
Hilton,Tivnan
Jonell,Oliff
Trudy,Ventom
Chic,Meatyard
Osgood,Stocking
Olympia,Casari
Chaim,Vasiltsov
Costanza,Baton
Vonnie,Spenceley
Pearla,Klugel
Daffi,Tewkesbury.
Jandy,Cyples
Noel,Hadeke
Douglass,Hotson
Olav,Van Schafflaer
Barri,Riditch
Barbey,Amery
Dedie,Perrigo
Janine,Clipson
Imogene,Wellbeloved
Evangelia,Imos
Vic,Giral
Emilie,Haughey
Rutger,Falconar
Xenos,Heggie
Haley,Okenden
Morry,Urridge
Magdalena,Sarge
Ruddy,Gammon
Erika,Crozier
Percival,MacMickan
Hendrika,Carleman
Jase,Benka
Joycelin,Howison
Emanuel,Siddaley
Irene,Eles
Juana,Fatscher
Maddie,Brinded
Patrizius,Vowells
Jeremias,Cawdron
Rosalia,Winspeare
Katerina,Conaboy
Myron,Yakobowitz
Gertrude,Forlonge
Estele,Frodsham
Terrill,Skillings
Pippy,Bonnaire
Floria,Stobie
Mickie,Kingswoode
Ortensia,Kubek
Clarance,Jekyll
Adler,Waplinton
Marijn,Reams
Nichols,Jenking
June,Kupis
Rhea,Prudham
Saul,Robic
Samuel,McCorkindale
Samantha,Tumioto
Etty,Bampfield
Paule,Collip
Car,Kennan
Norrie,Golt
Erma,Fronsek
Misha,Rhydderch
Ricky,Clayson
Liv,Camerati
Kerby,Bladge
Blinnie,Pretti
Lil,Tomet
Betsy,Samms
Eduardo,Keoghane
Reynolds,Billing
Miguel,Stonham
Cati,Davers
Dav,Gateland
Andras,Tranmer
Kimberlyn,Wooffinden
Morie,Jouanot
Oralla,Every
Holden,Usherwood
Stephi,Pund
Petunia,Parncutt
Lena,Mantha
Elvin,Southey
Ches,Shave
Vasilis,Drewitt
Merwin,Lyness
Egbert,Hodgin
Tallie,Rustich
Cort,Potteridge
Ealasaid,Sullivan
Annabal,Alenichev
Denni,Simounet
Sherwynd,Dubique
Winslow,Penhaligon
Brande,Lightbourne
Felicdad,Madine
Kimberly,Oldacre
Robby,Tayt
Rockie,Dragonette
Chelsie,Kenford
Brana,Wallenger
Bell,Saunier
Kay,Foot
Salomon,Crookston
Marillin,Rubertelli
Cacilia,Rolinson
Arabelle,Rickeard
Monro,Nellies
Lynnea,Shackelton
Vittoria,Timson
Bat,Burrus
Micaela,Stoite
Kane,Hallgalley
Kleon,Jillis
Melita,Mapham
Juliette,Euels
Loy,Kenner
Sephira,Bett
Neel,Westmacott
Sarina,Batty
Alene,Stanaway
Jere,Cleal
Darline,Moysey
Tami,Gilvary
Sandi,Blitzer
Stan,Showers
Rosalinda,Lyburn
Lucio,Godlee
Maggie,Chaffen
Madelene,Buessen
Irene,Nairn
Heidi,Byng
Selby,McReynolds
Curcio,Bonnin
Laurianne,Crosfield
Gawain,Jeram
Etheline,Gomar
Ali,McCallister
Elsworth,Burnage
Sharline,Antognazzi
Tim,Lyal
Vernon,Veldens
Jarvis,Darwood
Ransom,Gueny
Hedwig,Weekes
Rochette,Lauridsen
Marchall,Moohan
Ferrell,Carson
Marcos,Jimmes
Jillana,Smardon
Dyana,Dyne
Tam,Kondrat
Brand,Bunford
Olivero,Enns
Keane,Eydel
Ronnie,Sowte
Denyse,Sergeant
Bryanty,Conelly
Kessia,Large
Jocko,Botger
Kip,Bille
Celine,Blazeby
Corrie,Paddell
Loleta,Robker
Cyndie,Bachs
Sigismondo,Trussell
Georgie,Gilfillan
Irwinn,Spottswood
Bernhard,Cancott
Leisha,Iredell
Emanuele,Curme
Ag,Pedrick
Yulma,Barrott
Thedrick,Witul
Myrlene,Grasha
Jeffy,Ebrall
Cherilynn,Stanlike
Yvonne,MacDonald
Matias,Birtwhistle
Dacia,Taudevin
Alvie,Sheilds
Jens,Sissons
Sada,Broadbent
Berrie,Gatlin
Kip,Levesque
Brand,Nials
Marcelline,Amphlett
Sheilakathryn,Caseley
Georgetta,Schwander
Nickey,Dayly
Mady,Lapere
Bentley,Hexham
Millicent,Livock
Carissa,Doctor
Juliet,Sellers
Calv,Sambles
Amie,Geeve
Raynard,Halifax
Berkley,Joanic
Sherm,Goodings
Tito,Mill
Dell,Filyukov
Robbie,Boldecke
Phylys,Tincey
Gardy,Bitten
Gabie,Kesteven
Bard,Scurr
Viviana,Seeds
Griselda,Spinley
Rowan,Dulwich
Fee,D'Emanuele
Ryann,Thexton
Darcee,Tipper
Ermengarde,Hefforde
Trish,Markham
Harper,Linger
Ichabod,Yashin
Sybil,Clears
Jan,Shackleford
Sadye,Gregs
Kirbee,Karlsen
Francisco,Belly
Standford,Sirkett
Linea,Caldera
Enid,Gawthrop
Perle,Sadd
Timmi,Dovidaitis
Montgomery,Pattlel
Sallee,Sprowles
Juliette,Ramble
Emmery,Rabbitt
Grace,Kerley
Tommy,Brickett
Devlin,Close
Conny,Keeping
Butch,Pellamont
Mischa,Yarrington
Orland,Blanpein
Alleyn,Slimming
Sofia,Strawbridge
Kennan,Paradyce
Arney,Lethibridge
Suzy,Sarah
Nerte,Canadine
Aimee,Chattell
Den,Arpin
Baron,Tallow
Hashim,Prine
Constance,Paslow
Hamish,Aarons
Urbain,Bowdidge
Dolf,Heliar
Gianna,Gives
Zackariah,Sapseed
Aubine,Wyson
Steward,Drewett
Grier,Tribbeck
Auguste,Isaak
Ezra,Pembery
Turner,Coffin
Roth,True
Javier,Alexandre
Sunny,Simeons
Eldridge,Jakoubec
Beatrisa,Jeffs
Marketa,Burkman
Nicky,Bosket
Estelle,Gommery
Hyacinthie,Thurnham
Errick,Elleton
Anatollo,Godsal
Gradeigh,Sanper
Larina,Chazelas
Shawnee,Baseley
Dell,Seide
Magnum,Hatchell
Fonsie,Staves
Pierce,Sowter
Hephzibah,Laguerre
Mariel,O'Spillane
Arvie,Wilber
Natalie,Burchard
Godard,Cameron
Ephrem,Leggin
Garnet,Tonge
Port,Wisedale
Carleen,Petersen
Josey,Stuehmeier
Margalit,Tattam
Alfie,Littledike
Rich,Bertelmot
Ezra,Treves
Heath,Loffill
Micky,Niesegen
Giraldo,Crips
Pryce,Schimoni
Shaina,Anstice
Hildegaard,Westmancoat
Mable,Clamo
Gilberte,Yakobowitz
Debera,Posvner
Orion,Comberbach
Way,Foakes
Carolyn,Shipcott
Ivor,Guys
Connor,Pound
Stacia,Parades
Gianina,Neising
Virginie,Viant
Zebulen,Varey
Barnaby,Tofanini
Norri,Guile
Loralee,Tirte
Cleon,Bagwell
Nadiya,Efford
Ettie,Fyndon
Mikael,Whitfield
Mildred,Pattillo
Avrom,Nolda
Sarene,Napier
Harvey,Keepin
Washington,Lafaye
Kara,Tadman
Berk,Heinsius
Vale,Marchi
Emmett,Lantry
Tomasine,Struan
Corey,Swaite
Staford,Welbeck
Del,Ismirnioglou
Gretel,Jeckells
Tildie,Tyrwhitt
Dave,Hoxey
Gleda,Skittles
Florry,Bretelle
Freddie,Toone
Davita,Giacobillo
Dwight,Von Gladbach
Nicolas,Mordacai
Gillie,Northbridge
Harri,Boor
Virgie,Viollet
Boone,Stanistrete
Alicia,Klainer
Bonnie,Huggill
Adora,Uzielli
Agretha,Byrom
Elizabeth,Humfrey
Indira,Spurgin
Thaine,Heild
Gusty,Fetherstan
Brigitta,Slaughter
Oswell,Earwaker
Teodor,Caulcott
Rori,Hugenin
Tuesday,Lacoste
Konrad,Ochterlonie
Donna,Hinkes
Saudra,Shuttlewood
Zeb,McDavitt
Gerhardt,Claire
Korrie,Duckerin
Laura,Stroton
Alvera,Hallworth
Moe,Rosenkrantz
Martita,Corradi
Norry,Haxby
Remus,Connachan
Gretta,Myall
Salomon,Haith
Merwyn,Yon
Kary,Bayston
Randy,Paulack
Germayne,Willows
Rhoda,Shemmans
Jeffrey,Pecey
Gale,Fyers
Horten,Vala
Alexa,Wombwell
Guglielma,Gorman
Fabiano,O' Dooley
Cordey,Dinnage
Wallis,Wolland
Megan,Letcher
Katee,Levins
Janot,Maydway
Paxton,Garioch
Loreen,Audus
Nikolaus,Lorryman
Juliet,Hellyer
Chicky,Warlaw
Townsend,Jackalin
Harli,Szimon
Hedwiga,Nano
Johanna,Leat
Greer,MacDermand
Fedora,Batstone
Bettina,Flowith
Linoel,Chaudrelle
Alisa,Cleever
Nina,Casassa
Kalila,Conigsby
Claudette,Ivachyov
Ilario,Lathleiffure
Jamil,Henrique
Roberta,Welchman
Bird,Aggis
Rivalee,Casale
Dani,Cotter
Alie,Hayman
Nona,Windrass
Ally,Kite
Dar,Twinbourne
Ketti,Etuck
Korry,Verlinde
Terrance,Dimont
Gleda,Charlo
Phyllida,Jantot
Xena,Arkwright
Selina,Mullally
Antin,Workes
Kara-lynn,Ivanets
Augy,Cristea
Laetitia,Beavors
Drusi,Duckering
Bibby,Widmoor
Nelle,Filipov
Edythe,Kilminster
Valerye,Ingman
Brigg,Gherardelli
Renault,Olerenshaw
Beulah,Joselin
Marjorie,Grunbaum
Tanhya,Enrich
Boone,John
Anabel,Angell
Tracy,Boughen
Shirl,Shadwick
Heidi,Campana
Tabbatha,Sambell
Gratiana,Bertholin
Lindsy,Huguenet
Nicholle,Avrasin
Tedie,Queripel
Nadine,Craig
Heddi,Pecht
Davita,Ploughwright
Garret,Buer
Fey,Paffett
Brandyn,Heaps
Ella,Thoresbie
Carlina,Manton
Hilton,Bridgen
Emmalynn,Stribbling
Marilyn,Fay
Carlyn,Rostern
Toddy,Prigmore
Bridgette,Addington
Rodger,Loftin
Rozanne,Akrigg
Wit,Holwell
Holmes,Winham
Calli,Sebire
Amata,Beddoes
Ddene,Pasticznyk
Regen,Sutheran
Martguerita,Discombe
Palm,Betke
Lauralee,Getley
Preston,Pieters
Leticia,Sellner
Binky,MacMichael
Tallie,Hessing
Nevile,Ferro
Hailey,Zwicker
Bowie,Pickton
Chip,Quinnell
Star,Aleevy
Kamilah,Ferie
Christin,Brighty
Elisabeth,Hucker
Siobhan,Librey
Eleonore,Joskovitch
Ricki,Daughtery
Lemmie,Godridge
Hercule,Rubel
Lexie,Nellis
Lenee,Hedlestone
Corabelle,Buckthought
Christine,Melbert
Jeramey,Cavanaugh
Tiphany,Loy
Silvio,Daugherty
Talya,Surgener
Erny,Amar
Aylmar,Miroy
Jacquelynn,Clooney
Sarge,Fattore
Minna,Heyworth
Kliment,Feehely
Calhoun,Copperwaite
Antons,Dannel
Fidel,Corday
Dodie,Pedlar
Dori,Keerl
Helga,Bastone
Abbie,Fahy
Dick,Wessing
Bernelle,Burbridge
Bernhard,Kasman
Nanci,Innett
Nicolle,Lowrey
Reynard,Hebbs
Lynsey,Geal
Sib,Girodon
Hammad,Derricoat
Lorens,Armand
Myranda,Mongeot
Verne,Matanin
Rhiamon,Bordes
Tamqrah,Werndley
Herby,Connah
Ashly,Wayne
Rafi,Stubbe
Gavin,Tunney
Carmelina,Piwall
Erin,Hindrick
Jeth,Mauro
Cacilie,Warre
Kristien,Doale
Kelsey,Dillow
Dilan,Lassen
Frazer,Dries
Earle,McNuff
Theo,Shrimptone
Janka,Bain
Smith,Hulke
Cristy,Andras
Der,Forsyde
Merle,Plumptre
Sharron,Drewe
Carlynne,Steed
Siouxie,Slocum
Pete,Chaimson
Alleyn,Hayzer
Renault,McIlwaine
Adrianna,Hailes
Ainslie,Sleicht
Wilden,Funcheon
Bailey,Anglim
Druci,Vurley
Dorise,Gair
Derick,Bartol
Malinda,Lisimore
Leonerd,Pitherick
Torry,Cassam
Maurita,Farbrace
Kasey,Derdes
Tallia,Kenset
Stevena,Odhams
Elmo,Loftin
Giacopo,Westoll
Batholomew,Lodge
Melanie,Elland
Harmonia,Pally
Iain,Castel
Alwin,Persich
Hasty,Blacker
Audra,Hursey
Bobby,Noto
Mellie,Hynes
Thomasin,Mansell
Shayne,Wickling
Gracia,Hogbourne
Crystal,Olohan
Rosaleen,Sacaze
Tuesday,Delacour
Gideon,Lardeur
Elyse,Brimm
Carmina,Syvret
Gwyneth,Bernaciak
Ev,Dametti
Coreen,Estrella
Teador,Levett
Louisa,Greeveson
Tobye,Oliphant
Katina,Millom
Jack,Halmkin
Tome,Burndred
Doti,McGahy
Katya,Grandison
Mavra,Bradnum
Dannel,Stranger
Ivie,Elgey
Celisse,Shakesbye
Herbie,Dellenbach
Rhodie,Laville
Gerick,Buffin
Shirlee,Firpi
Ora,Taborre
Ciel,Lydiate
Warde,Zold
Yancey,Domingues
Hugh,Ponting
Natasha,Charley
Juanita,Rainon
Annadiana,Fremantle
Colin,Mennithorp
Clare,Kightly
Leroi,Hamp
Wynne,O'Moylan
Shep,Roelofsen
